ticker,score,percentile,regime,rebalance_date
ABBV,0.34013113479274937,0.48,HOLD,2021-02-28
ABT,-1.1189184149687372,0.08,SELL,2021-02-28
ALNY,1.5915633315555824,0.98,BUY,2021-02-28
AMGN,0.4602980529618381,0.5,HOLD,2021-02-28
ARGX,-1.1257491417898002,0.04,SELL,2021-02-28
ASND,-1.112630680480996,0.24,SELL,2021-02-28
AZN,-1.116652719605672,0.1,SELL,2021-02-28
BBIO,1.0825923470763044,0.88,BUY,2021-02-28
BIIB,0.46483344593354425,0.52,HOLD,2021-02-28
BMY,-1.1107103822994304,0.34,HOLD,2021-02-28
BNTX,0.8075280789550261,0.74,BUY,2021-02-28
DXCM,-1.1211340454486127,0.06,SELL,2021-02-28
EW,1.048104519536995,0.86,BUY,2021-02-28
EXAS,-1.1125517170994612,0.26,SELL,2021-02-28
GILD,0.7156059707353933,0.72,BUY,2021-02-28
GMAB,-1.1261748979917683,0.02,SELL,2021-02-28
IDXX,0.8575942102554179,0.8,BUY,2021-02-28
ILMN,-1.1141749539723662,0.2,SELL,2021-02-28
INCY,-1.1165819342191605,0.12,SELL,2021-02-28
INSM,0.5856389022497078,0.62,HOLD,2021-02-28
IONS,0.017038309073231606,0.44,HOLD,2021-02-28
IQV,0.5562777620828225,0.58,HOLD,2021-02-28
ISRG,0.9579594845547378,0.82,BUY,2021-02-28
JNJ,0.6897046061262273,0.7,BUY,2021-02-28
LLY,1.5964082953683771,1.0,BUY,2021-02-28
MDGL,1.0367282683246408,0.84,BUY,2021-02-28
MEDP,1.58744624835047,0.96,BUY,2021-02-28
MRK,0.037043596351691924,0.46,HOLD,2021-02-28
MRNA,-1.111115579642195,0.32,HOLD,2021-02-28
MTD,1.580509827463956,0.94,BUY,2021-02-28
NBIX,0.5891031764521687,0.66,HOLD,2021-02-28
NTRA,0.5638178952594785,0.6,HOLD,2021-02-28
NVO,-1.1158117120891737,0.14,SELL,2021-02-28
ONC,1.1255820401582972,0.9,BUY,2021-02-28
PEN,-1.1086155951744092,0.38,HOLD,2021-02-28
PFE,0.5033900552449105,0.56,HOLD,2021-02-28
PODD,0.5882400428946292,0.64,HOLD,2021-02-28
REGN,-1.1153782468107891,0.16,SELL,2021-02-28
RMD,0.8225578588840955,0.76,BUY,2021-02-28
ROIV,-1.0998675393749904,0.42,HOLD,2021-02-28
RVMD,-1.1120142658955217,0.28,SELL,2021-02-28
SMMT,0.6795219472710475,0.68,HOLD,2021-02-28
TAK,-1.11147519495969,0.3,SELL,2021-02-28
TEVA,-1.1132411695151636,0.22,SELL,2021-02-28
UTHR,-1.109707059728085,0.36,HOLD,2021-02-28
VRTX,-1.1150176302515475,0.18,SELL,2021-02-28
VTRS,1.18247734842947,0.92,BUY,2021-02-28
WAT,-1.105088889817833,0.4,HOLD,2021-02-28
WST,0.4890285298639311,0.54,HOLD,2021-02-28
ZBH,0.8358864849286588,0.78,BUY,2021-02-28
ABBV,0.3384235135518193,0.48,HOLD,2021-03-31
ABT,-1.118290914319143,0.08,SELL,2021-03-31
ALNY,1.5922765144313817,0.98,BUY,2021-03-31
AMGN,0.4612934453136205,0.5,HOLD,2021-03-31
ARGX,-1.1249402354814897,0.04,SELL,2021-03-31
ASND,-1.111383426948548,0.3,SELL,2021-03-31
AZN,-1.1150493496253657,0.16,SELL,2021-03-31
BBIO,1.0817364305646904,0.88,BUY,2021-03-31
BIIB,0.46746345531360045,0.52,HOLD,2021-03-31
BMY,-1.1099999215286995,0.36,HOLD,2021-03-31
BNTX,0.807713847311953,0.74,BUY,2021-03-31
DXCM,-1.1198188216579459,0.06,SELL,2021-03-31
EW,1.0464767381425852,0.86,BUY,2021-03-31
EXAS,-1.1138151143619544,0.22,SELL,2021-03-31
GILD,0.7179025487369757,0.72,BUY,2021-03-31
GMAB,-1.125187359246773,0.02,SELL,2021-03-31
IDXX,0.8552161273581159,0.8,BUY,2021-03-31
ILMN,-1.1142240433462969,0.2,SELL,2021-03-31
INCY,-1.1163340813409972,0.12,SELL,2021-03-31
INSM,0.5851084724703116,0.62,HOLD,2021-03-31
IONS,0.02082528221681247,0.44,HOLD,2021-03-31
IQV,0.5572444557038198,0.58,HOLD,2021-03-31
ISRG,0.9565329782539643,0.82,BUY,2021-03-31
JNJ,0.6908849023466399,0.7,BUY,2021-03-31
LLY,1.5988376426883077,1.0,BUY,2021-03-31
MDGL,1.0368207575985966,0.84,BUY,2021-03-31
MEDP,1.5877118439531885,0.96,BUY,2021-03-31
MRK,0.03696312007928069,0.46,HOLD,2021-03-31
MRNA,-1.118125075027114,0.1,SELL,2021-03-31
MTD,1.5790814215896194,0.94,BUY,2021-03-31
NBIX,0.5914850374688119,0.66,HOLD,2021-03-31
NTRA,0.5622857684304244,0.6,HOLD,2021-03-31
NVO,-1.1162932836630082,0.14,SELL,2021-03-31
ONC,1.1242259600258857,0.9,BUY,2021-03-31
PEN,-1.109332864720512,0.38,HOLD,2021-03-31
PFE,0.5037561977554682,0.56,HOLD,2021-03-31
PODD,0.5860980560129354,0.64,HOLD,2021-03-31
REGN,-1.1145017098269558,0.18,SELL,2021-03-31
RMD,0.8218498606392746,0.76,BUY,2021-03-31
ROIV,-1.1004765581280673,0.42,HOLD,2021-03-31
RVMD,-1.1132247802677704,0.26,SELL,2021-03-31
SMMT,0.6815436850969335,0.68,HOLD,2021-03-31
TAK,-1.1108082795901362,0.32,HOLD,2021-03-31
TEVA,-1.1136928771199237,0.24,SELL,2021-03-31
UTHR,-1.110067583600676,0.34,HOLD,2021-03-31
VRTX,-1.112818310719603,0.28,SELL,2021-03-31
VTRS,1.1805794668415124,0.92,BUY,2021-03-31
WAT,-1.1063848168164925,0.4,HOLD,2021-03-31
WST,0.48816892740018153,0.54,HOLD,2021-03-31
ZBH,0.8362629500407641,0.78,BUY,2021-03-31
ABBV,0.3366838967521374,0.48,HOLD,2021-04-30
ABT,-1.1190098744895332,0.08,SELL,2021-04-30
ALNY,1.594052830702809,0.98,BUY,2021-04-30
AMGN,0.46201543881591156,0.5,HOLD,2021-04-30
ARGX,-1.1252831248675956,0.04,SELL,2021-04-30
ASND,-1.1110049922532277,0.3,SELL,2021-04-30
AZN,-1.1138349987479945,0.22,SELL,2021-04-30
BBIO,1.080974815253726,0.88,BUY,2021-04-30
BIIB,0.46946329203268805,0.52,HOLD,2021-04-30
BMY,-1.1090777025639171,0.38,HOLD,2021-04-30
BNTX,0.8075109284622946,0.74,BUY,2021-04-30
DXCM,-1.1201681187604573,0.06,SELL,2021-04-30
EW,1.0459074251360685,0.86,BUY,2021-04-30
EXAS,-1.1150165306342013,0.16,SELL,2021-04-30
GILD,0.7189711988752753,0.72,BUY,2021-04-30
GMAB,-1.1256644622713339,0.02,SELL,2021-04-30
IDXX,0.854901911953863,0.8,BUY,2021-04-30
ILMN,-1.1148609271517538,0.18,SELL,2021-04-30
INCY,-1.115022829473588,0.14,SELL,2021-04-30
INSM,0.5845754758184416,0.64,HOLD,2021-04-30
IONS,0.02038721407994638,0.44,HOLD,2021-04-30
IQV,0.5588235873086019,0.58,HOLD,2021-04-30
ISRG,0.956395965182328,0.82,BUY,2021-04-30
JNJ,0.6914701196397012,0.7,BUY,2021-04-30
LLY,1.5987245454201677,1.0,BUY,2021-04-30
MDGL,1.038392710519971,0.84,BUY,2021-04-30
MEDP,1.5861944656466047,0.96,BUY,2021-04-30
MRK,0.03803526897064238,0.46,HOLD,2021-04-30
MRNA,-1.11880052451311,0.1,SELL,2021-04-30
MTD,1.5786328484400303,0.94,BUY,2021-04-30
NBIX,0.5934208033229128,0.66,HOLD,2021-04-30
NTRA,0.5611538457766455,0.6,HOLD,2021-04-30
NVO,-1.1172084354049487,0.12,SELL,2021-04-30
ONC,1.1226936567686996,0.9,BUY,2021-04-30
PEN,-1.1104170942021663,0.36,HOLD,2021-04-30
PFE,0.505535459878061,0.56,HOLD,2021-04-30
PODD,0.5843425607185279,0.62,HOLD,2021-04-30
REGN,-1.1123552670494183,0.26,SELL,2021-04-30
RMD,0.8200600151444343,0.76,BUY,2021-04-30
ROIV,-1.0990214307299184,0.42,HOLD,2021-04-30
RVMD,-1.1147254678977672,0.2,SELL,2021-04-30
SMMT,0.682683331633284,0.68,HOLD,2021-04-30
TAK,-1.1110544013886618,0.28,SELL,2021-04-30
TEVA,-1.1137397347752236,0.24,SELL,2021-04-30
UTHR,-1.1107591919453832,0.34,HOLD,2021-04-30
VRTX,-1.1109176735530601,0.32,HOLD,2021-04-30
VTRS,1.1790830169888264,0.92,BUY,2021-04-30
WAT,-1.1081908064537633,0.4,HOLD,2021-04-30
WST,0.4878923373452082,0.54,HOLD,2021-04-30
ZBH,0.8371546225392139,0.78,BUY,2021-04-30
ABBV,0.33613164147136293,0.48,HOLD,2021-05-31
ABT,-1.1203941617165973,0.08,SELL,2021-05-31
ALNY,1.5950990041107327,0.98,BUY,2021-05-31
AMGN,0.4614620184112327,0.5,HOLD,2021-05-31
ARGX,-1.1249574069208104,0.04,SELL,2021-05-31
ASND,-1.1096428376954555,0.36,HOLD,2021-05-31
AZN,-1.1142876535631951,0.18,SELL,2021-05-31
BBIO,1.0792227043173217,0.88,BUY,2021-05-31
BIIB,0.46982415471644245,0.52,HOLD,2021-05-31
BMY,-1.1084640257948732,0.4,HOLD,2021-05-31
BNTX,0.8135053403016542,0.74,BUY,2021-05-31
DXCM,-1.1193743745924678,0.1,SELL,2021-05-31
EW,1.0447966046196009,0.86,BUY,2021-05-31
EXAS,-1.1143231349950504,0.16,SELL,2021-05-31
GILD,0.71857691672668,0.72,BUY,2021-05-31
GMAB,-1.1260206749341601,0.02,SELL,2021-05-31
IDXX,0.8538700200586865,0.8,BUY,2021-05-31
ILMN,-1.1169958605433772,0.12,SELL,2021-05-31
INCY,-1.1136100994489317,0.24,SELL,2021-05-31
INSM,0.5862464479129822,0.64,HOLD,2021-05-31
IONS,0.01971861293028732,0.44,HOLD,2021-05-31
IQV,0.5592101756834464,0.58,HOLD,2021-05-31
ISRG,0.9557223273638704,0.82,BUY,2021-05-31
JNJ,0.6906652911359153,0.7,BUY,2021-05-31
LLY,1.5984666102859892,1.0,BUY,2021-05-31
MDGL,1.0395215355952767,0.84,BUY,2021-05-31
MEDP,1.5850654139397131,0.96,BUY,2021-05-31
MRK,0.03826826414370757,0.46,HOLD,2021-05-31
MRNA,-1.1209581263965063,0.06,SELL,2021-05-31
MTD,1.5771471513510322,0.94,BUY,2021-05-31
NBIX,0.5950144976885595,0.66,HOLD,2021-05-31
NTRA,0.5596120714474483,0.6,HOLD,2021-05-31
NVO,-1.1167349439005732,0.14,SELL,2021-05-31
ONC,1.1219834196463427,0.9,BUY,2021-05-31
PEN,-1.1138546246811665,0.2,SELL,2021-05-31
PFE,0.5082536764548299,0.56,HOLD,2021-05-31
PODD,0.5831373515414526,0.62,HOLD,2021-05-31
REGN,-1.1114269278924886,0.3,SELL,2021-05-31
RMD,0.8184844103251313,0.76,BUY,2021-05-31
ROIV,-1.0978312053978978,0.42,HOLD,2021-05-31
RVMD,-1.1127133616139533,0.26,SELL,2021-05-31
SMMT,0.6834524732833996,0.68,HOLD,2021-05-31
TAK,-1.1106180349301131,0.32,HOLD,2021-05-31
TEVA,-1.113816918615209,0.22,SELL,2021-05-31
UTHR,-1.1117731734347036,0.28,SELL,2021-05-31
VRTX,-1.1096358410687304,0.38,HOLD,2021-05-31
VTRS,1.1786648477819954,0.92,BUY,2021-05-31
WAT,-1.1104808032733107,0.34,HOLD,2021-05-31
WST,0.49028109322648655,0.54,HOLD,2021-05-31
ZBH,0.8365101149379836,0.78,BUY,2021-05-31
ABBV,0.33382874823741815,0.48,HOLD,2021-06-30
ABT,-1.1230713053290682,0.06,SELL,2021-06-30
ALNY,1.5952684948936051,0.98,BUY,2021-06-30
AMGN,0.459547478693807,0.5,HOLD,2021-06-30
ARGX,-1.1264532747117117,0.02,SELL,2021-06-30
ASND,-1.108745789421836,0.36,HOLD,2021-06-30
AZN,-1.1136819651968288,0.22,SELL,2021-06-30
BBIO,1.0765174205527162,0.88,BUY,2021-06-30
BIIB,0.4724980229850764,0.52,HOLD,2021-06-30
BMY,-1.1077890376795392,0.38,HOLD,2021-06-30
BNTX,0.8372193093798727,0.78,BUY,2021-06-30
DXCM,-1.1204574100709588,0.08,SELL,2021-06-30
EW,1.0454904925439765,0.86,BUY,2021-06-30
EXAS,-1.116588956992655,0.12,SELL,2021-06-30
GILD,0.7172035265160299,0.72,BUY,2021-06-30
GMAB,-1.126130663762162,0.04,SELL,2021-06-30
IDXX,0.8525115627831098,0.8,BUY,2021-06-30
ILMN,-1.1174476860737335,0.1,SELL,2021-06-30
INCY,-1.1132317978757327,0.24,SELL,2021-06-30
INSM,0.5869827972184971,0.64,HOLD,2021-06-30
IONS,0.016225861680628152,0.44,HOLD,2021-06-30
IQV,0.5588635280362766,0.6,HOLD,2021-06-30
ISRG,0.9550912853961935,0.82,BUY,2021-06-30
JNJ,0.6881020899819003,0.7,BUY,2021-06-30
LLY,1.5974040455949867,1.0,BUY,2021-06-30
MDGL,1.039559643753406,0.84,BUY,2021-06-30
MEDP,1.5827485289957748,0.96,BUY,2021-06-30
MRK,0.03707446146642832,0.46,HOLD,2021-06-30
MRNA,-1.1130321219896646,0.26,SELL,2021-06-30
MTD,1.576572430940919,0.94,BUY,2021-06-30
NBIX,0.5959421814839972,0.66,HOLD,2021-06-30
NTRA,0.5560702183744561,0.58,HOLD,2021-06-30
NVO,-1.1140327291663288,0.2,SELL,2021-06-30
ONC,1.1213705285640478,0.9,BUY,2021-06-30
PEN,-1.116365938157172,0.14,SELL,2021-06-30
PFE,0.5084936561452026,0.56,HOLD,2021-06-30
PODD,0.5805539527533218,0.62,HOLD,2021-06-30
REGN,-1.1115776600885945,0.32,HOLD,2021-06-30
RMD,0.8171471665973292,0.74,BUY,2021-06-30
ROIV,-1.095880553899686,0.42,HOLD,2021-06-30
RVMD,-1.1125547838121839,0.28,SELL,2021-06-30
SMMT,0.6837880853020106,0.68,HOLD,2021-06-30
TAK,-1.1096333706715957,0.34,HOLD,2021-06-30
TEVA,-1.11433487199298,0.18,SELL,2021-06-30
UTHR,-1.1157064713314702,0.16,SELL,2021-06-30
VRTX,-1.107681170536806,0.4,HOLD,2021-06-30
VTRS,1.1788010434226806,0.92,BUY,2021-06-30
WAT,-1.112248900997365,0.3,SELL,2021-06-30
WST,0.49102122691197486,0.54,HOLD,2021-06-30
ZBH,0.8347486705524325,0.76,BUY,2021-06-30
ABBV,0.3317520815811921,0.48,HOLD,2021-07-31
ABT,-1.1259773682110312,0.04,SELL,2021-07-31
ALNY,1.5965474238833428,1.0,BUY,2021-07-31
AMGN,0.4582099441428875,0.5,HOLD,2021-07-31
ARGX,-1.1272287750427012,0.02,SELL,2021-07-31
ASND,-1.1078967993054403,0.38,HOLD,2021-07-31
AZN,-1.1141714170988186,0.24,SELL,2021-07-31
BBIO,1.0742039362242848,0.88,BUY,2021-07-31
BIIB,0.4724693931709223,0.52,HOLD,2021-07-31
BMY,-1.1085255513708143,0.34,HOLD,2021-07-31
BNTX,0.8546948465596568,0.8,BUY,2021-07-31
DXCM,-1.1198703496612459,0.12,SELL,2021-07-31
EW,1.0474556290441581,0.86,BUY,2021-07-31
EXAS,-1.1191068135427944,0.14,SELL,2021-07-31
GILD,0.7145827813560849,0.72,BUY,2021-07-31
GMAB,-1.1255039484621863,0.06,SELL,2021-07-31
IDXX,0.8515182941720062,0.78,BUY,2021-07-31
ILMN,-1.1181966723789416,0.16,SELL,2021-07-31
INCY,-1.112984877088517,0.26,SELL,2021-07-31
INSM,0.5873275192048868,0.64,HOLD,2021-07-31
IONS,0.011381978517481527,0.44,HOLD,2021-07-31
IQV,0.5581779272159817,0.6,HOLD,2021-07-31
ISRG,0.9558331490997789,0.82,BUY,2021-07-31
JNJ,0.6868685974852354,0.7,BUY,2021-07-31
LLY,1.5955173000533613,0.98,BUY,2021-07-31
MDGL,1.0391979394563924,0.84,BUY,2021-07-31
MEDP,1.5804561844864118,0.96,BUY,2021-07-31
MRK,0.03624435220135894,0.46,HOLD,2021-07-31
MRNA,-1.0937115871667853,0.42,HOLD,2021-07-31
MTD,1.5768831643734182,0.94,BUY,2021-07-31
NBIX,0.5969618401939556,0.66,HOLD,2021-07-31
NTRA,0.5543137902742645,0.58,HOLD,2021-07-31
NVO,-1.111217520350377,0.3,SELL,2021-07-31
ONC,1.1209013042684022,0.9,BUY,2021-07-31
PEN,-1.120585614662452,0.08,SELL,2021-07-31
PFE,0.5082307580364475,0.56,HOLD,2021-07-31
PODD,0.5768019538363904,0.62,HOLD,2021-07-31
REGN,-1.1149869203301093,0.18,SELL,2021-07-31
RMD,0.8194363563811808,0.74,BUY,2021-07-31
ROIV,-1.0950673727113054,0.4,HOLD,2021-07-31
RVMD,-1.1114765331802465,0.28,SELL,2021-07-31
SMMT,0.6827597503663189,0.68,HOLD,2021-07-31
TAK,-1.1092538414743043,0.32,HOLD,2021-07-31
TEVA,-1.1142797875670116,0.22,SELL,2021-07-31
UTHR,-1.1203058780587967,0.1,SELL,2021-07-31
VRTX,-1.1082161288439218,0.36,HOLD,2021-07-31
VTRS,1.1793767525774463,0.92,BUY,2021-07-31
WAT,-1.1149034875271409,0.2,SELL,2021-07-31
WST,0.49243334034367753,0.54,HOLD,2021-07-31
ZBH,0.8329289555280154,0.76,BUY,2021-07-31
ABBV,0.32951505346763676,0.48,HOLD,2021-08-31
ABT,-1.129598490275751,0.02,SELL,2021-08-31
ALNY,1.5963702052536881,1.0,BUY,2021-08-31
AMGN,0.4569244523331637,0.5,HOLD,2021-08-31
ARGX,-1.129546058183848,0.04,SELL,2021-08-31
ASND,-1.1106978246113366,0.34,HOLD,2021-08-31
AZN,-1.1159854483561527,0.22,SELL,2021-08-31
BBIO,1.0724195389838858,0.88,BUY,2021-08-31
BIIB,0.47101732286974834,0.52,HOLD,2021-08-31
BMY,-1.1094704138816807,0.36,HOLD,2021-08-31
BNTX,0.8919524851660618,0.8,BUY,2021-08-31
DXCM,-1.1181922011917744,0.16,SELL,2021-08-31
EW,1.0474571708753646,0.86,BUY,2021-08-31
EXAS,-1.12000482772772,0.12,SELL,2021-08-31
GILD,0.7106739016929192,0.72,BUY,2021-08-31
GMAB,-1.1267349470117423,0.06,SELL,2021-08-31
IDXX,0.8509050207356995,0.78,BUY,2021-08-31
ILMN,-1.1190319053649447,0.14,SELL,2021-08-31
INCY,-1.1144283190936333,0.26,SELL,2021-08-31
INSM,0.5864023680333824,0.64,HOLD,2021-08-31
IONS,0.006056374069791481,0.44,HOLD,2021-08-31
IQV,0.5562705687370243,0.6,HOLD,2021-08-31
ISRG,0.9561507655191639,0.82,BUY,2021-08-31
JNJ,0.6838927795806886,0.7,BUY,2021-08-31
LLY,1.5958137709444222,0.98,BUY,2021-08-31
MDGL,1.0360776166417707,0.84,BUY,2021-08-31
MEDP,1.5763792599242812,0.94,BUY,2021-08-31
MRK,0.03307786456995206,0.46,HOLD,2021-08-31
MRNA,-1.0547006127966423,0.42,HOLD,2021-08-31
MTD,1.5765295758141453,0.96,BUY,2021-08-31
NBIX,0.5968275688706094,0.66,HOLD,2021-08-31
NTRA,0.5509874261310694,0.58,HOLD,2021-08-31
NVO,-1.1112684080842217,0.3,SELL,2021-08-31
ONC,1.1192914275568913,0.9,BUY,2021-08-31
PEN,-1.1257040465971675,0.1,SELL,2021-08-31
PFE,0.5090636931905033,0.56,HOLD,2021-08-31
PODD,0.5734722683935328,0.62,HOLD,2021-08-31
REGN,-1.1180707051192549,0.18,SELL,2021-08-31
RMD,0.8228958616799348,0.74,BUY,2021-08-31
ROIV,-1.0954901648869193,0.4,HOLD,2021-08-31
RVMD,-1.1118235161263066,0.28,SELL,2021-08-31
SMMT,0.6811882576696756,0.68,HOLD,2021-08-31
TAK,-1.1108226598032431,0.32,HOLD,2021-08-31
TEVA,-1.1151107779050211,0.24,SELL,2021-08-31
UTHR,-1.1257306122699662,0.08,SELL,2021-08-31
VRTX,-1.1091560246544576,0.38,HOLD,2021-08-31
VTRS,1.1785318303229413,0.92,BUY,2021-08-31
WAT,-1.1161184526607923,0.2,SELL,2021-08-31
WST,0.4907536769217722,0.54,HOLD,2021-08-31
ZBH,0.8307883106528529,0.76,BUY,2021-08-31
ABBV,0.32809094937136346,0.48,HOLD,2021-09-30
ABT,-1.1306848756434618,0.02,SELL,2021-09-30
ALNY,1.597882844162209,1.0,BUY,2021-09-30
AMGN,0.4580991692391116,0.5,HOLD,2021-09-30
ARGX,-1.1292394041616896,0.06,SELL,2021-09-30
ASND,-1.1121051258222563,0.28,SELL,2021-09-30
AZN,-1.1158966128947116,0.22,SELL,2021-09-30
BBIO,1.0735171207940124,0.88,BUY,2021-09-30
BIIB,0.4706488124711817,0.52,HOLD,2021-09-30
BMY,-1.1095651554705162,0.34,HOLD,2021-09-30
BNTX,0.8931365125696623,0.8,BUY,2021-09-30
DXCM,-1.1151544363046895,0.24,SELL,2021-09-30
EW,1.048651901101332,0.86,BUY,2021-09-30
EXAS,-1.1197929821271597,0.14,SELL,2021-09-30
GILD,0.7080444154104001,0.72,BUY,2021-09-30
GMAB,-1.1274408074765645,0.1,SELL,2021-09-30
IDXX,0.850986317169955,0.78,BUY,2021-09-30
ILMN,-1.120063998095933,0.12,SELL,2021-09-30
INCY,-1.1163707281236,0.2,SELL,2021-09-30
INSM,0.5873989281787393,0.64,HOLD,2021-09-30
IONS,0.004734974889598963,0.44,HOLD,2021-09-30
IQV,0.5539987691833907,0.6,HOLD,2021-09-30
ISRG,0.9571722326310401,0.82,BUY,2021-09-30
JNJ,0.682445022438678,0.7,BUY,2021-09-30
LLY,1.5959936678663054,0.98,BUY,2021-09-30
MDGL,1.0335491178373875,0.84,BUY,2021-09-30
MEDP,1.5738651437125504,0.94,BUY,2021-09-30
MRK,0.032870235374073145,0.46,HOLD,2021-09-30
MRNA,-1.049264553690657,0.42,HOLD,2021-09-30
MTD,1.576682505258138,0.96,BUY,2021-09-30
NBIX,0.5985300298394879,0.66,HOLD,2021-09-30
NTRA,0.5504367835608998,0.58,HOLD,2021-09-30
NVO,-1.1107275217645065,0.3,SELL,2021-09-30
ONC,1.1185022551975599,0.9,BUY,2021-09-30
PEN,-1.129914299222223,0.04,SELL,2021-09-30
PFE,0.5101169817709593,0.56,HOLD,2021-09-30
PODD,0.5722555755538364,0.62,HOLD,2021-09-30
REGN,-1.1182124844392074,0.16,SELL,2021-09-30
RMD,0.8257281607781928,0.74,BUY,2021-09-30
ROIV,-1.0948382686378324,0.4,HOLD,2021-09-30
RVMD,-1.1102047000974404,0.32,HOLD,2021-09-30
SMMT,0.6811918120745593,0.68,HOLD,2021-09-30
TAK,-1.1089249082128418,0.36,HOLD,2021-09-30
TEVA,-1.1139122833280017,0.26,SELL,2021-09-30
UTHR,-1.1283611550243051,0.08,SELL,2021-09-30
VRTX,-1.107865611572414,0.38,HOLD,2021-09-30
VTRS,1.1799975702982757,0.92,BUY,2021-09-30
WAT,-1.1176617522539325,0.18,SELL,2021-09-30
WST,0.4905432281650794,0.54,HOLD,2021-09-30
ZBH,0.8311306274659621,0.76,BUY,2021-09-30
ABBV,0.32657199049745583,0.48,HOLD,2021-10-31
ABT,-1.1320307266801903,0.04,SELL,2021-10-31
ALNY,1.5996238519140151,1.0,BUY,2021-10-31
AMGN,0.45855492601395353,0.5,HOLD,2021-10-31
ARGX,-1.128897390384027,0.08,SELL,2021-10-31
ASND,-1.1125907308099194,0.24,SELL,2021-10-31
AZN,-1.114035786716109,0.22,SELL,2021-10-31
BBIO,1.075441731359052,0.88,BUY,2021-10-31
BIIB,0.47237067811073835,0.52,HOLD,2021-10-31
BMY,-1.1072303092259876,0.36,HOLD,2021-10-31
BNTX,0.8871028302087638,0.8,BUY,2021-10-31
DXCM,-1.1109898261331654,0.28,SELL,2021-10-31
EW,1.0490291650390486,0.86,BUY,2021-10-31
EXAS,-1.1177022867398316,0.18,SELL,2021-10-31
GILD,0.7072684932108696,0.72,BUY,2021-10-31
GMAB,-1.1272068995075681,0.1,SELL,2021-10-31
IDXX,0.8507453592077053,0.78,BUY,2021-10-31
ILMN,-1.1209520266923025,0.12,SELL,2021-10-31
INCY,-1.11689579184334,0.2,SELL,2021-10-31
INSM,0.589717202171478,0.64,HOLD,2021-10-31
IONS,0.006868506430742883,0.44,HOLD,2021-10-31
IQV,0.5517688956735155,0.6,HOLD,2021-10-31
ISRG,0.9582245576601028,0.82,BUY,2021-10-31
JNJ,0.6812858127161227,0.68,HOLD,2021-10-31
LLY,1.5945327437559647,0.98,BUY,2021-10-31
MDGL,1.0324599632291442,0.84,BUY,2021-10-31
MEDP,1.5730953170891437,0.94,BUY,2021-10-31
MRK,0.03513802977436681,0.46,HOLD,2021-10-31
MRNA,-1.05405212717255,0.42,HOLD,2021-10-31
MTD,1.5764008318503429,0.96,BUY,2021-10-31
NBIX,0.5996610560798303,0.66,HOLD,2021-10-31
NTRA,0.5497434361745628,0.58,HOLD,2021-10-31
NVO,-1.109168167706024,0.32,HOLD,2021-10-31
ONC,1.1180122674610418,0.9,BUY,2021-10-31
PEN,-1.1324410580165478,0.02,SELL,2021-10-31
PFE,0.5106681750933482,0.56,HOLD,2021-10-31
PODD,0.5703121199093419,0.62,HOLD,2021-10-31
REGN,-1.1184228244452539,0.16,SELL,2021-10-31
RMD,0.8257208059426498,0.74,BUY,2021-10-31
ROIV,-1.1001304462042791,0.4,HOLD,2021-10-31
RVMD,-1.1076556206873378,0.34,HOLD,2021-10-31
SMMT,0.683571289202098,0.7,BUY,2021-10-31
TAK,-1.109825065253234,0.3,SELL,2021-10-31
TEVA,-1.1122095092987794,0.26,SELL,2021-10-31
UTHR,-1.1297207507351632,0.06,SELL,2021-10-31
VRTX,-1.106991830791665,0.38,HOLD,2021-10-31
VTRS,1.1810822936512655,0.92,BUY,2021-10-31
WAT,-1.1191807194424204,0.14,SELL,2021-10-31
WST,0.4914135171626344,0.54,HOLD,2021-10-31
ZBH,0.8319440478964021,0.76,BUY,2021-10-31
ABBV,0.3262334993427155,0.48,HOLD,2021-11-30
ABT,-1.1318931362443558,0.04,SELL,2021-11-30
ALNY,1.598808967746304,1.0,BUY,2021-11-30
AMGN,0.45787218349491976,0.5,HOLD,2021-11-30
ARGX,-1.1281315587178973,0.08,SELL,2021-11-30
ASND,-1.1134543477065428,0.24,SELL,2021-11-30
AZN,-1.112466632267893,0.26,SELL,2021-11-30
BBIO,1.0775205076373924,0.88,BUY,2021-11-30
BIIB,0.47378539659499147,0.52,HOLD,2021-11-30
BMY,-1.1056515791027168,0.38,HOLD,2021-11-30
BNTX,0.8813636111665387,0.8,BUY,2021-11-30
DXCM,-1.1085044186756436,0.3,SELL,2021-11-30
EW,1.0478952874552683,0.86,BUY,2021-11-30
EXAS,-1.1147803039812079,0.2,SELL,2021-11-30
GILD,0.7072823109349938,0.72,BUY,2021-11-30
GMAB,-1.1259845827800101,0.1,SELL,2021-11-30
IDXX,0.8510823622436806,0.78,BUY,2021-11-30
ILMN,-1.1202546783950669,0.14,SELL,2021-11-30
INCY,-1.1177247063450568,0.18,SELL,2021-11-30
INSM,0.5905992380863156,0.64,HOLD,2021-11-30
IONS,0.008628961356060913,0.44,HOLD,2021-11-30
IQV,0.5505824398936868,0.6,HOLD,2021-11-30
ISRG,0.958901020489911,0.82,BUY,2021-11-30
JNJ,0.6797516258789958,0.68,HOLD,2021-11-30
LLY,1.5933972457387011,0.98,BUY,2021-11-30
MDGL,1.0337107228281475,0.84,BUY,2021-11-30
MEDP,1.5719846828461375,0.94,BUY,2021-11-30
MRK,0.040352371329770265,0.46,HOLD,2021-11-30
MRNA,-1.0598420819753966,0.42,HOLD,2021-11-30
MTD,1.576513835043161,0.96,BUY,2021-11-30
NBIX,0.6003002198362267,0.66,HOLD,2021-11-30
NTRA,0.5497934433075894,0.58,HOLD,2021-11-30
NVO,-1.107745520650304,0.32,HOLD,2021-11-30
ONC,1.1176619147025666,0.9,BUY,2021-11-30
PEN,-1.133215550051389,0.02,SELL,2021-11-30
PFE,0.5121412182048501,0.56,HOLD,2021-11-30
PODD,0.569523841150295,0.62,HOLD,2021-11-30
REGN,-1.1181045755196877,0.16,SELL,2021-11-30
RMD,0.8246336764375187,0.74,BUY,2021-11-30
ROIV,-1.1064689425979337,0.36,HOLD,2021-11-30
RVMD,-1.1053293917370575,0.4,HOLD,2021-11-30
SMMT,0.6853282412599865,0.7,BUY,2021-11-30
TAK,-1.1146978695220486,0.22,SELL,2021-11-30
TEVA,-1.1090949872038465,0.28,SELL,2021-11-30
UTHR,-1.131557452232335,0.06,SELL,2021-11-30
VRTX,-1.1066399460288745,0.34,HOLD,2021-11-30
VTRS,1.182124995161813,0.92,BUY,2021-11-30
WAT,-1.120942796337946,0.12,SELL,2021-11-30
WST,0.491697973737161,0.54,HOLD,2021-11-30
ZBH,0.833013264167509,0.76,BUY,2021-11-30
ABBV,0.3264125532297417,0.48,HOLD,2021-12-31
ABT,-1.132652647135059,0.06,SELL,2021-12-31
ALNY,1.5989330861387903,1.0,BUY,2021-12-31
AMGN,0.4584520528606829,0.5,HOLD,2021-12-31
ARGX,-1.1277576899340103,0.08,SELL,2021-12-31
ASND,-1.1109915236875767,0.26,SELL,2021-12-31
AZN,-1.1128076934510756,0.22,SELL,2021-12-31
BBIO,1.075988457496923,0.88,BUY,2021-12-31
BIIB,0.4742722492951084,0.52,HOLD,2021-12-31
BMY,-1.1048807188015106,0.34,HOLD,2021-12-31
BNTX,0.8741037548920043,0.8,BUY,2021-12-31
DXCM,-1.107973351749474,0.3,SELL,2021-12-31
EW,1.047631809298141,0.86,BUY,2021-12-31
EXAS,-1.1118302972421026,0.24,SELL,2021-12-31
GILD,0.7073950455620295,0.72,BUY,2021-12-31
GMAB,-1.1247706274487124,0.1,SELL,2021-12-31
IDXX,0.8505334403135266,0.78,BUY,2021-12-31
ILMN,-1.1189306374262564,0.16,SELL,2021-12-31
INCY,-1.1176634213258008,0.2,SELL,2021-12-31
INSM,0.5927767814481267,0.64,HOLD,2021-12-31
IONS,0.011303855636899798,0.44,HOLD,2021-12-31
IQV,0.5490654360180948,0.58,HOLD,2021-12-31
ISRG,0.9583535802711087,0.82,BUY,2021-12-31
JNJ,0.6783209582140474,0.68,HOLD,2021-12-31
LLY,1.5909375739963336,0.98,BUY,2021-12-31
MDGL,1.0349845982379697,0.84,BUY,2021-12-31
MEDP,1.5734745676041915,0.94,BUY,2021-12-31
MRK,0.04043834364838724,0.46,HOLD,2021-12-31
MRNA,-1.0672335950876446,0.42,HOLD,2021-12-31
MTD,1.5771362603789811,0.96,BUY,2021-12-31
NBIX,0.5984287522892047,0.66,HOLD,2021-12-31
NTRA,0.5516698273216001,0.6,HOLD,2021-12-31
NVO,-1.1066997633267739,0.32,HOLD,2021-12-31
ONC,1.118568484127434,0.9,BUY,2021-12-31
PEN,-1.1343799178743688,0.02,SELL,2021-12-31
PFE,0.5166235088430033,0.56,HOLD,2021-12-31
PODD,0.56840045075899,0.62,HOLD,2021-12-31
REGN,-1.1185311654011947,0.18,SELL,2021-12-31
RMD,0.8230395960302693,0.74,BUY,2021-12-31
ROIV,-1.1044761254086524,0.36,HOLD,2021-12-31
RVMD,-1.1029095313856145,0.4,HOLD,2021-12-31
SMMT,0.6882506148062822,0.7,BUY,2021-12-31
TAK,-1.1194163063198577,0.14,SELL,2021-12-31
TEVA,-1.109424406036238,0.28,SELL,2021-12-31
UTHR,-1.1332865017626157,0.04,SELL,2021-12-31
VRTX,-1.1043739832062054,0.38,HOLD,2021-12-31
VTRS,1.182918517559674,0.92,BUY,2021-12-31
WAT,-1.1239674080912994,0.12,SELL,2021-12-31
WST,0.49193276845308437,0.54,HOLD,2021-12-31
ZBH,0.8346103873714152,0.76,BUY,2021-12-31
ABBV,0.3277266169449185,0.48,HOLD,2022-01-31
ABT,-1.1313769575930317,0.06,SELL,2022-01-31
ALNY,1.5996804555402018,1.0,BUY,2022-01-31
AMGN,0.4589361603481491,0.5,HOLD,2022-01-31
ARGX,-1.126622079447304,0.08,SELL,2022-01-31
ASND,-1.1085933827772698,0.28,SELL,2022-01-31
AZN,-1.1126023043325963,0.22,SELL,2022-01-31
BBIO,1.0790249367745024,0.88,BUY,2022-01-31
BIIB,0.4718224328883382,0.52,HOLD,2022-01-31
BMY,-1.1041016793287868,0.36,HOLD,2022-01-31
BNTX,0.8659330550815375,0.8,BUY,2022-01-31
DXCM,-1.1072656497051987,0.32,HOLD,2022-01-31
EW,1.046455376009816,0.86,BUY,2022-01-31
EXAS,-1.1109666976548116,0.24,SELL,2022-01-31
GILD,0.7075673614969162,0.72,BUY,2022-01-31
GMAB,-1.1231190545499201,0.14,SELL,2022-01-31
IDXX,0.8508062347156415,0.78,BUY,2022-01-31
ILMN,-1.1170564560471774,0.18,SELL,2022-01-31
INCY,-1.1156363869298505,0.2,SELL,2022-01-31
INSM,0.5943267854833177,0.64,HOLD,2022-01-31
IONS,0.012647122538395197,0.44,HOLD,2022-01-31
IQV,0.546765012108261,0.58,HOLD,2022-01-31
ISRG,0.9584611540882846,0.82,BUY,2022-01-31
JNJ,0.6773865996851063,0.68,HOLD,2022-01-31
LLY,1.5880232010088209,0.98,BUY,2022-01-31
MDGL,1.0378113011288976,0.84,BUY,2022-01-31
MEDP,1.57328501407481,0.94,BUY,2022-01-31
MRK,0.04242737429445172,0.46,HOLD,2022-01-31
MRNA,-1.0727753724791766,0.42,HOLD,2022-01-31
MTD,1.5763656844574498,0.96,BUY,2022-01-31
NBIX,0.5983538692335565,0.66,HOLD,2022-01-31
NTRA,0.5543692381641889,0.6,HOLD,2022-01-31
NVO,-1.106766138941506,0.34,HOLD,2022-01-31
ONC,1.1206045156349036,0.9,BUY,2022-01-31
PEN,-1.1339357420133456,0.04,SELL,2022-01-31
PFE,0.5172560142992466,0.56,HOLD,2022-01-31
PODD,0.5697759153415035,0.62,HOLD,2022-01-31
REGN,-1.1198721381692562,0.16,SELL,2022-01-31
RMD,0.8219869338578792,0.74,BUY,2022-01-31
ROIV,-1.1076710819784028,0.3,SELL,2022-01-31
RVMD,-1.1023131866673965,0.4,HOLD,2022-01-31
SMMT,0.6875232722275607,0.7,BUY,2022-01-31
TAK,-1.1236627006598383,0.12,SELL,2022-01-31
TEVA,-1.1093046071179669,0.26,SELL,2022-01-31
UTHR,-1.1348198322146135,0.02,SELL,2022-01-31
VRTX,-1.1031067186473344,0.38,HOLD,2022-01-31
VTRS,1.1837985333527028,0.92,BUY,2022-01-31
WAT,-1.1257011276179514,0.1,SELL,2022-01-31
WST,0.49252244291149333,0.54,HOLD,2022-01-31
ZBH,0.8356266811818847,0.76,BUY,2022-01-31
ABBV,0.32987221237040637,0.48,HOLD,2022-02-28
ABT,-1.1311261165651434,0.06,SELL,2022-02-28
ALNY,1.6008980336985494,1.0,BUY,2022-02-28
AMGN,0.460097827945469,0.5,HOLD,2022-02-28
ARGX,-1.1248159025853919,0.12,SELL,2022-02-28
ASND,-1.1084385144627336,0.3,SELL,2022-02-28
AZN,-1.1132051280761242,0.22,SELL,2022-02-28
BBIO,1.0829333950598525,0.88,BUY,2022-02-28
BIIB,0.46989507447159456,0.52,HOLD,2022-02-28
BMY,-1.1026770764682168,0.36,HOLD,2022-02-28
BNTX,0.8601800811002938,0.8,BUY,2022-02-28
DXCM,-1.1048446740068965,0.34,HOLD,2022-02-28
EW,1.0448418515474502,0.86,BUY,2022-02-28
EXAS,-1.1095030484607364,0.28,SELL,2022-02-28
GILD,0.7083402648711816,0.72,BUY,2022-02-28
GMAB,-1.1207762743301437,0.14,SELL,2022-02-28
IDXX,0.8522537082656879,0.78,BUY,2022-02-28
ILMN,-1.1152360928625322,0.18,SELL,2022-02-28
INCY,-1.1143717889199207,0.2,SELL,2022-02-28
INSM,0.5944265158693184,0.64,HOLD,2022-02-28
IONS,0.01364362782556231,0.44,HOLD,2022-02-28
IQV,0.5453321681370322,0.58,HOLD,2022-02-28
ISRG,0.958843571484507,0.82,BUY,2022-02-28
JNJ,0.675791443580755,0.68,HOLD,2022-02-28
LLY,1.584525934127873,0.98,BUY,2022-02-28
MDGL,1.0376936023479701,0.84,BUY,2022-02-28
MEDP,1.5736236786572613,0.94,BUY,2022-02-28
MRK,0.042729174635110105,0.46,HOLD,2022-02-28
MRNA,-1.077770791669929,0.42,HOLD,2022-02-28
MTD,1.5759412615314818,0.96,BUY,2022-02-28
NBIX,0.5964897594263261,0.66,HOLD,2022-02-28
NTRA,0.557776443212161,0.6,HOLD,2022-02-28
NVO,-1.1076015436393907,0.32,HOLD,2022-02-28
ONC,1.1226987752844004,0.9,BUY,2022-02-28
PEN,-1.131369948801407,0.04,SELL,2022-02-28
PFE,0.517032264041482,0.56,HOLD,2022-02-28
PODD,0.570669677859103,0.62,HOLD,2022-02-28
REGN,-1.1202789818215002,0.16,SELL,2022-02-28
RMD,0.8206109763357587,0.74,BUY,2022-02-28
ROIV,-1.112022083334862,0.24,SELL,2022-02-28
RVMD,-1.102506566849269,0.38,HOLD,2022-02-28
SMMT,0.6873424034674015,0.7,BUY,2022-02-28
TAK,-1.1271712594606065,0.1,SELL,2022-02-28
TEVA,-1.1095775797125629,0.26,SELL,2022-02-28
UTHR,-1.1360313352969973,0.02,SELL,2022-02-28
VRTX,-1.102113365486155,0.4,HOLD,2022-02-28
VTRS,1.1845151502658382,0.92,BUY,2022-02-28
WAT,-1.1272981040784442,0.08,SELL,2022-02-28
WST,0.4934519219999934,0.54,HOLD,2022-02-28
ZBH,0.8362853774691422,0.76,BUY,2022-02-28
ABBV,0.3347175216465071,0.48,HOLD,2022-03-31
ABT,-1.1313938241217447,0.04,SELL,2022-03-31
ALNY,1.6010828695167465,1.0,BUY,2022-03-31
AMGN,0.45942574848607076,0.5,HOLD,2022-03-31
ARGX,-1.123487862174063,0.12,SELL,2022-03-31
ASND,-1.1099539651789694,0.26,SELL,2022-03-31
AZN,-1.1126363760374056,0.2,SELL,2022-03-31
BBIO,1.0812943417846397,0.88,BUY,2022-03-31
BIIB,0.4676719811310986,0.52,HOLD,2022-03-31
BMY,-1.1016691148338784,0.4,HOLD,2022-03-31
BNTX,0.8554813766067395,0.8,BUY,2022-03-31
DXCM,-1.1035299648767478,0.36,HOLD,2022-03-31
EW,1.0429375641902245,0.86,BUY,2022-03-31
EXAS,-1.1088745880842774,0.32,HOLD,2022-03-31
GILD,0.7079730006956667,0.72,BUY,2022-03-31
GMAB,-1.1183278573771434,0.16,SELL,2022-03-31
IDXX,0.8528330292038967,0.78,BUY,2022-03-31
ILMN,-1.1135410849953906,0.18,SELL,2022-03-31
INCY,-1.111599045245599,0.24,SELL,2022-03-31
INSM,0.5947427717749442,0.64,HOLD,2022-03-31
IONS,0.015574140026286851,0.44,HOLD,2022-03-31
IQV,0.5439075831929819,0.58,HOLD,2022-03-31
ISRG,0.958901967880668,0.82,BUY,2022-03-31
JNJ,0.6743297303553968,0.68,HOLD,2022-03-31
LLY,1.583114885121366,0.98,BUY,2022-03-31
MDGL,1.0390832717210339,0.84,BUY,2022-03-31
MEDP,1.5746732775214842,0.94,BUY,2022-03-31
MRK,0.04310480989840256,0.46,HOLD,2022-03-31
MRNA,-1.0835398739243862,0.42,HOLD,2022-03-31
MTD,1.5751819316590754,0.96,BUY,2022-03-31
NBIX,0.5980895990959403,0.66,HOLD,2022-03-31
NTRA,0.5592434595785319,0.6,HOLD,2022-03-31
NVO,-1.1093127149107016,0.3,SELL,2022-03-31
ONC,1.1242307376596963,0.9,BUY,2022-03-31
PEN,-1.129229213854311,0.08,SELL,2022-03-31
PFE,0.5155477294951833,0.56,HOLD,2022-03-31
PODD,0.5711312952027742,0.62,HOLD,2022-03-31
REGN,-1.1206495017692857,0.14,SELL,2022-03-31
RMD,0.818804211261215,0.74,BUY,2022-03-31
ROIV,-1.111843769613985,0.22,SELL,2022-03-31
RVMD,-1.1037666938083555,0.34,HOLD,2022-03-31
SMMT,0.6896260112907042,0.7,BUY,2022-03-31
TAK,-1.1282910455955646,0.1,SELL,2022-03-31
TEVA,-1.1097585056058124,0.28,SELL,2022-03-31
UTHR,-1.1369315407036633,0.02,SELL,2022-03-31
VRTX,-1.1021794351336385,0.38,HOLD,2022-03-31
VTRS,1.187128663002017,0.92,BUY,2022-03-31
WAT,-1.1300519634147663,0.06,SELL,2022-03-31
WST,0.4936624737072815,0.54,HOLD,2022-03-31
ZBH,0.8370719585531173,0.76,BUY,2022-03-31
ABBV,0.33889839390152604,0.48,HOLD,2022-04-30
ABT,-1.1319894453929638,0.04,SELL,2022-04-30
ALNY,1.6009898521801944,1.0,BUY,2022-04-30
AMGN,0.4597112548635683,0.5,HOLD,2022-04-30
ARGX,-1.123841127785847,0.12,SELL,2022-04-30
ASND,-1.1126057039886552,0.2,SELL,2022-04-30
AZN,-1.1109154447298626,0.24,SELL,2022-04-30
BBIO,1.0783339511406245,0.88,BUY,2022-04-30
BIIB,0.46591066728328745,0.52,HOLD,2022-04-30
BMY,-1.0990499425897138,0.4,HOLD,2022-04-30
BNTX,0.8516508728437983,0.78,BUY,2022-04-30
DXCM,-1.1040747323304225,0.34,HOLD,2022-04-30
EW,1.041626926753679,0.84,BUY,2022-04-30
EXAS,-1.1084550232713393,0.32,HOLD,2022-04-30
GILD,0.7086318155988839,0.72,BUY,2022-04-30
GMAB,-1.1170889575925402,0.16,SELL,2022-04-30
IDXX,0.8539009663694113,0.8,BUY,2022-04-30
ILMN,-1.112269407036067,0.22,SELL,2022-04-30
INCY,-1.1102688626004469,0.28,SELL,2022-04-30
INSM,0.5958558943140156,0.64,HOLD,2022-04-30
IONS,0.017366721558194093,0.44,HOLD,2022-04-30
IQV,0.5421298624353299,0.58,HOLD,2022-04-30
ISRG,0.95907333224904,0.82,BUY,2022-04-30
JNJ,0.6750222778433765,0.68,HOLD,2022-04-30
LLY,1.581459427655376,0.98,BUY,2022-04-30
MDGL,1.0418061862708676,0.86,BUY,2022-04-30
MEDP,1.5758189927022572,0.96,BUY,2022-04-30
MRK,0.047536872024762866,0.46,HOLD,2022-04-30
MRNA,-1.0884400243534178,0.42,HOLD,2022-04-30
MTD,1.5748232544820173,0.94,BUY,2022-04-30
NBIX,0.5991913766046492,0.66,HOLD,2022-04-30
NTRA,0.5605539952794331,0.6,HOLD,2022-04-30
NVO,-1.1103935274483998,0.26,SELL,2022-04-30
ONC,1.1260378507565092,0.9,BUY,2022-04-30
PEN,-1.1275358968773208,0.1,SELL,2022-04-30
PFE,0.5150001245520147,0.56,HOLD,2022-04-30
PODD,0.5708501743481944,0.62,HOLD,2022-04-30
REGN,-1.1199290733933542,0.14,SELL,2022-04-30
RMD,0.8172818593564453,0.74,BUY,2022-04-30
ROIV,-1.112905066422937,0.18,SELL,2022-04-30
RVMD,-1.1033820216721149,0.36,HOLD,2022-04-30
SMMT,0.6907072204680689,0.7,BUY,2022-04-30
TAK,-1.130209419611682,0.08,SELL,2022-04-30
TEVA,-1.1088072923901289,0.3,SELL,2022-04-30
UTHR,-1.1390566923738437,0.02,SELL,2022-04-30
VRTX,-1.1029442268394125,0.38,HOLD,2022-04-30
VTRS,1.1828132700684324,0.92,BUY,2022-04-30
WAT,-1.1311256591308911,0.06,SELL,2022-04-30
WST,0.4937785155802454,0.54,HOLD,2022-04-30
ZBH,0.8385256383471554,0.76,BUY,2022-04-30
ABBV,0.33989557563462985,0.48,HOLD,2022-05-31
ABT,-1.1315962941148583,0.08,SELL,2022-05-31
ALNY,1.6012763042143114,1.0,BUY,2022-05-31
AMGN,0.45833934208845123,0.5,HOLD,2022-05-31
ARGX,-1.1238660265528873,0.1,SELL,2022-05-31
ASND,-1.1108619809277356,0.24,SELL,2022-05-31
AZN,-1.1093755780125465,0.26,SELL,2022-05-31
BBIO,1.0743035044872498,0.88,BUY,2022-05-31
BIIB,0.4640559202934401,0.52,HOLD,2022-05-31
BMY,-1.0968768469090313,0.4,HOLD,2022-05-31
BNTX,0.8484886950970224,0.78,BUY,2022-05-31
DXCM,-1.1040311062136214,0.38,HOLD,2022-05-31
EW,1.0410095646135007,0.84,BUY,2022-05-31
EXAS,-1.108353473647573,0.32,HOLD,2022-05-31
GILD,0.7101847976298725,0.72,BUY,2022-05-31
GMAB,-1.1161449976551954,0.16,SELL,2022-05-31
IDXX,0.854939436914907,0.8,BUY,2022-05-31
ILMN,-1.1119285169572277,0.22,SELL,2022-05-31
INCY,-1.1085459634423174,0.3,SELL,2022-05-31
INSM,0.5949252255746379,0.64,HOLD,2022-05-31
IONS,0.020113637048787943,0.44,HOLD,2022-05-31
IQV,0.5420631744438231,0.58,HOLD,2022-05-31
ISRG,0.9608998038978109,0.82,BUY,2022-05-31
JNJ,0.674931785440165,0.68,HOLD,2022-05-31
LLY,1.5802423943191268,0.98,BUY,2022-05-31
MDGL,1.0443708375785252,0.86,BUY,2022-05-31
MEDP,1.5775463265238274,0.96,BUY,2022-05-31
MRK,0.05292265781215364,0.46,HOLD,2022-05-31
MRNA,-1.0911915707858666,0.42,HOLD,2022-05-31
MTD,1.5755888323864595,0.94,BUY,2022-05-31
NBIX,0.600456393426466,0.66,HOLD,2022-05-31
NTRA,0.560312865865437,0.6,HOLD,2022-05-31
NVO,-1.1134578183064117,0.2,SELL,2022-05-31
ONC,1.124195568026644,0.9,BUY,2022-05-31
PEN,-1.123061213066483,0.12,SELL,2022-05-31
PFE,0.5130046060323666,0.56,HOLD,2022-05-31
PODD,0.5720548574470566,0.62,HOLD,2022-05-31
REGN,-1.1219756271234314,0.14,SELL,2022-05-31
RMD,0.818510425600203,0.74,BUY,2022-05-31
ROIV,-1.1141346131550889,0.18,SELL,2022-05-31
RVMD,-1.1044833552825608,0.36,HOLD,2022-05-31
SMMT,0.6914728029165859,0.7,BUY,2022-05-31
TAK,-1.1316816316302725,0.06,SELL,2022-05-31
TEVA,-1.1085821983364874,0.28,SELL,2022-05-31
UTHR,-1.1408896114075742,0.02,SELL,2022-05-31
VRTX,-1.1055192748694398,0.34,HOLD,2022-05-31
VTRS,1.1774359240742163,0.92,BUY,2022-05-31
WAT,-1.132820261066102,0.04,SELL,2022-05-31
WST,0.4956824150038087,0.54,HOLD,2022-05-31
ZBH,0.8401542850712247,0.76,BUY,2022-05-31
ABBV,0.3391404704599763,0.48,HOLD,2022-06-30
ABT,-1.130582387114101,0.08,SELL,2022-06-30
ALNY,1.6024089059812465,1.0,BUY,2022-06-30
AMGN,0.4579215919018303,0.5,HOLD,2022-06-30
ARGX,-1.1226319841835046,0.12,SELL,2022-06-30
ASND,-1.1110457713943314,0.24,SELL,2022-06-30
AZN,-1.1083133604291096,0.28,SELL,2022-06-30
BBIO,1.0720682144957316,0.88,BUY,2022-06-30
BIIB,0.46232958455020423,0.52,HOLD,2022-06-30
BMY,-1.0943755902984973,0.4,HOLD,2022-06-30
BNTX,0.8462995919817771,0.78,BUY,2022-06-30
DXCM,-1.1060817342207143,0.38,HOLD,2022-06-30
EW,1.0413641842853325,0.84,BUY,2022-06-30
EXAS,-1.1088701660915592,0.26,SELL,2022-06-30
GILD,0.7110790278537706,0.72,BUY,2022-06-30
GMAB,-1.1155518375345952,0.16,SELL,2022-06-30
IDXX,0.8560818948990156,0.8,BUY,2022-06-30
ILMN,-1.1124199349232289,0.22,SELL,2022-06-30
INCY,-1.1065034295178904,0.36,HOLD,2022-06-30
INSM,0.5942508644948654,0.64,HOLD,2022-06-30
IONS,0.02275728506875789,0.44,HOLD,2022-06-30
IQV,0.5418507231550967,0.58,HOLD,2022-06-30
ISRG,0.9615918607902327,0.82,BUY,2022-06-30
JNJ,0.6730223111182695,0.68,HOLD,2022-06-30
LLY,1.5796393379876064,0.98,BUY,2022-06-30
MDGL,1.043237748494404,0.86,BUY,2022-06-30
MEDP,1.5789045059218894,0.96,BUY,2022-06-30
MRK,0.056201958539614155,0.46,HOLD,2022-06-30
MRNA,-1.0931916710042915,0.42,HOLD,2022-06-30
MTD,1.5756134672687663,0.94,BUY,2022-06-30
NBIX,0.6013912880895715,0.66,HOLD,2022-06-30
NTRA,0.5617810736008092,0.6,HOLD,2022-06-30
NVO,-1.1153466282082987,0.18,SELL,2022-06-30
ONC,1.1238716076513842,0.9,BUY,2022-06-30
PEN,-1.1200530570218605,0.14,SELL,2022-06-30
PFE,0.511759412764198,0.56,HOLD,2022-06-30
PODD,0.5728743318240868,0.62,HOLD,2022-06-30
REGN,-1.1233978205760018,0.1,SELL,2022-06-30
RMD,0.8194512847582242,0.74,BUY,2022-06-30
ROIV,-1.1145835392930576,0.2,SELL,2022-06-30
RVMD,-1.1067243305408836,0.34,HOLD,2022-06-30
SMMT,0.6913898125233109,0.7,BUY,2022-06-30
TAK,-1.132152732058832,0.06,SELL,2022-06-30
TEVA,-1.1083044858559892,0.3,SELL,2022-06-30
UTHR,-1.1393862973006794,0.02,SELL,2022-06-30
VRTX,-1.1076867836397362,0.32,HOLD,2022-06-30
VTRS,1.1730662270689043,0.92,BUY,2022-06-30
WAT,-1.1347858376083417,0.04,SELL,2022-06-30
WST,0.49787375853162363,0.54,HOLD,2022-06-30
ZBH,0.8427670527550039,0.76,BUY,2022-06-30
ABBV,0.3389147349462016,0.48,HOLD,2022-07-31
ABT,-1.1293735685680213,0.08,SELL,2022-07-31
ALNY,1.6034599270575092,1.0,BUY,2022-07-31
AMGN,0.458048517229558,0.5,HOLD,2022-07-31
ARGX,-1.120715211149754,0.12,SELL,2022-07-31
ASND,-1.1125379982028838,0.24,SELL,2022-07-31
AZN,-1.1075610467539159,0.32,HOLD,2022-07-31
BBIO,1.0707293148956765,0.88,BUY,2022-07-31
BIIB,0.4618893147527391,0.52,HOLD,2022-07-31
BMY,-1.0930910852032165,0.42,HOLD,2022-07-31
BNTX,0.8437792020426078,0.78,BUY,2022-07-31
DXCM,-1.104933351385341,0.38,HOLD,2022-07-31
EW,1.040744903781787,0.84,BUY,2022-07-31
EXAS,-1.1092824652963797,0.26,SELL,2022-07-31
GILD,0.7131949131253085,0.72,BUY,2022-07-31
GMAB,-1.1147140576300987,0.2,SELL,2022-07-31
IDXX,0.8574572077621408,0.8,BUY,2022-07-31
ILMN,-1.1135285964773647,0.22,SELL,2022-07-31
INCY,-1.105120110745953,0.36,HOLD,2022-07-31
INSM,0.595652591911917,0.64,HOLD,2022-07-31
IONS,0.02500123422493728,0.44,HOLD,2022-07-31
IQV,0.5409784790244344,0.58,HOLD,2022-07-31
ISRG,0.9616079553162418,0.82,BUY,2022-07-31
JNJ,0.6721407094695159,0.68,HOLD,2022-07-31
LLY,1.577494440993196,0.96,BUY,2022-07-31
MDGL,1.0429859214434583,0.86,BUY,2022-07-31
MEDP,1.5795767033301387,0.98,BUY,2022-07-31
MRK,0.05961045912746684,0.46,HOLD,2022-07-31
MRNA,-1.0960067799722029,0.4,HOLD,2022-07-31
MTD,1.5763954640809221,0.94,BUY,2022-07-31
NBIX,0.6022004413236481,0.66,HOLD,2022-07-31
NTRA,0.5636675244668878,0.6,HOLD,2022-07-31
NVO,-1.1181653530043245,0.18,SELL,2022-07-31
ONC,1.1251570766638421,0.9,BUY,2022-07-31
PEN,-1.1198421591670347,0.14,SELL,2022-07-31
PFE,0.5091182332015037,0.56,HOLD,2022-07-31
PODD,0.5741829937127584,0.62,HOLD,2022-07-31
REGN,-1.1226546085705855,0.1,SELL,2022-07-31
RMD,0.8191357903656978,0.74,BUY,2022-07-31
ROIV,-1.1185702694925845,0.16,SELL,2022-07-31
RVMD,-1.1053468089859586,0.34,HOLD,2022-07-31
SMMT,0.6936575238232788,0.7,BUY,2022-07-31
TAK,-1.1323374926205834,0.06,SELL,2022-07-31
TEVA,-1.10855187515425,0.3,SELL,2022-07-31
UTHR,-1.1383622532487698,0.02,SELL,2022-07-31
VRTX,-1.108786752767565,0.28,SELL,2022-07-31
VTRS,1.1684531228353199,0.92,BUY,2022-07-31
WAT,-1.136003176243313,0.04,SELL,2022-07-31
WST,0.4992293776428431,0.54,HOLD,2022-07-31
ZBH,0.8410209420885696,0.76,BUY,2022-07-31
ABBV,0.3373503653784947,0.48,HOLD,2022-08-31
ABT,-1.1277651400576447,0.08,SELL,2022-08-31
ALNY,1.60635924072637,1.0,BUY,2022-08-31
AMGN,0.4579312773861724,0.5,HOLD,2022-08-31
ARGX,-1.1174391331723723,0.18,SELL,2022-08-31
ASND,-1.1153131966035745,0.22,SELL,2022-08-31
AZN,-1.1055655590401547,0.32,HOLD,2022-08-31
BBIO,1.0702429554587038,0.88,BUY,2022-08-31
BIIB,0.46310408451711715,0.52,HOLD,2022-08-31
BMY,-1.0913987163425152,0.42,HOLD,2022-08-31
BNTX,0.8419315533671041,0.76,BUY,2022-08-31
DXCM,-1.1024934079184003,0.36,HOLD,2022-08-31
EW,1.0400041598346221,0.84,BUY,2022-08-31
EXAS,-1.1102049865703478,0.26,SELL,2022-08-31
GILD,0.7130913248655655,0.72,BUY,2022-08-31
GMAB,-1.1127511413225035,0.24,SELL,2022-08-31
IDXX,0.8597766972063983,0.8,BUY,2022-08-31
ILMN,-1.116844398649819,0.2,SELL,2022-08-31
INCY,-1.1019391990964043,0.38,HOLD,2022-08-31
INSM,0.5971729204031788,0.64,HOLD,2022-08-31
IONS,0.025672452435407556,0.44,HOLD,2022-08-31
IQV,0.5387329864962179,0.58,HOLD,2022-08-31
ISRG,0.9636093899093037,0.82,BUY,2022-08-31
JNJ,0.6702275997988301,0.68,HOLD,2022-08-31
LLY,1.5776275751339908,0.96,BUY,2022-08-31
MDGL,1.0427033463090944,0.86,BUY,2022-08-31
MEDP,1.5788035071690831,0.98,BUY,2022-08-31
MRK,0.06142454417671642,0.46,HOLD,2022-08-31
MRNA,-1.0980624217439428,0.4,HOLD,2022-08-31
MTD,1.5754615035902455,0.94,BUY,2022-08-31
NBIX,0.6014700223542708,0.66,HOLD,2022-08-31
NTRA,0.5676012445663309,0.6,HOLD,2022-08-31
NVO,-1.1201493501663313,0.16,SELL,2022-08-31
ONC,1.1280527268258926,0.9,BUY,2022-08-31
PEN,-1.1205382257818801,0.14,SELL,2022-08-31
PFE,0.505835664580148,0.56,HOLD,2022-08-31
PODD,0.5730008813248022,0.62,HOLD,2022-08-31
REGN,-1.124398537986518,0.1,SELL,2022-08-31
RMD,0.8174142063856591,0.74,BUY,2022-08-31
ROIV,-1.1214008317578852,0.12,SELL,2022-08-31
RVMD,-1.103511285967001,0.34,HOLD,2022-08-31
SMMT,0.6928973223743532,0.7,BUY,2022-08-31
TAK,-1.1319633268493483,0.06,SELL,2022-08-31
TEVA,-1.1083688079825598,0.3,SELL,2022-08-31
UTHR,-1.1391148037818994,0.02,SELL,2022-08-31
VRTX,-1.1090741103529058,0.28,SELL,2022-08-31
VTRS,1.1650601454020855,0.92,BUY,2022-08-31
WAT,-1.137142755675404,0.04,SELL,2022-08-31
WST,0.5006845849723476,0.54,HOLD,2022-08-31
ZBH,0.8421950538709042,0.78,BUY,2022-08-31
ABBV,0.3354204875647236,0.48,HOLD,2022-09-30
ABT,-1.1257588485702446,0.08,SELL,2022-09-30
ALNY,1.6062531104927888,1.0,BUY,2022-09-30
AMGN,0.4573661889368037,0.5,HOLD,2022-09-30
ARGX,-1.11617766283751,0.22,SELL,2022-09-30
ASND,-1.1197790162928398,0.16,SELL,2022-09-30
AZN,-1.106166840580913,0.3,SELL,2022-09-30
BBIO,1.0701529002385133,0.88,BUY,2022-09-30
BIIB,0.46285379251605574,0.52,HOLD,2022-09-30
BMY,-1.0926551329183563,0.42,HOLD,2022-09-30
BNTX,0.8409658757516575,0.76,BUY,2022-09-30
DXCM,-1.100681952640554,0.36,HOLD,2022-09-30
EW,1.0415931673831675,0.84,BUY,2022-09-30
EXAS,-1.112318519274311,0.24,SELL,2022-09-30
GILD,0.7129719298524422,0.72,BUY,2022-09-30
GMAB,-1.1111575905127773,0.28,SELL,2022-09-30
IDXX,0.8610691354006692,0.8,BUY,2022-09-30
ILMN,-1.1196832207060485,0.18,SELL,2022-09-30
INCY,-1.1004160173731343,0.38,HOLD,2022-09-30
INSM,0.5994139417458691,0.64,HOLD,2022-09-30
IONS,0.026054297757183518,0.44,HOLD,2022-09-30
IQV,0.5387933782628024,0.58,HOLD,2022-09-30
ISRG,0.9646284542654069,0.82,BUY,2022-09-30
JNJ,0.668144024135845,0.68,HOLD,2022-09-30
LLY,1.5764051504479664,0.96,BUY,2022-09-30
MDGL,1.0417496335324667,0.86,BUY,2022-09-30
MEDP,1.5794753701590942,0.98,BUY,2022-09-30
MRK,0.061143733494199395,0.46,HOLD,2022-09-30
MRNA,-1.0985525793456312,0.4,HOLD,2022-09-30
MTD,1.5762948759679019,0.94,BUY,2022-09-30
NBIX,0.6001272937252794,0.66,HOLD,2022-09-30
NTRA,0.5722326902238571,0.6,HOLD,2022-09-30
NVO,-1.122360583198821,0.12,SELL,2022-09-30
ONC,1.1296625396633002,0.9,BUY,2022-09-30
PEN,-1.1179268618915656,0.2,SELL,2022-09-30
PFE,0.5030437854411485,0.56,HOLD,2022-09-30
PODD,0.5732031995684198,0.62,HOLD,2022-09-30
REGN,-1.1238549823596589,0.1,SELL,2022-09-30
RMD,0.8165210174986033,0.74,BUY,2022-09-30
ROIV,-1.1215084719066448,0.14,SELL,2022-09-30
RVMD,-1.1033504522041655,0.34,HOLD,2022-09-30
SMMT,0.6942801690468662,0.7,BUY,2022-09-30
TAK,-1.1294818123833907,0.06,SELL,2022-09-30
TEVA,-1.1059613395830845,0.32,HOLD,2022-09-30
UTHR,-1.13944474680032,0.02,SELL,2022-09-30
VRTX,-1.111412946805439,0.26,SELL,2022-09-30
VTRS,1.1615908451046277,0.92,BUY,2022-09-30
WAT,-1.1368104274017248,0.04,SELL,2022-09-30
WST,0.5021747208467678,0.54,HOLD,2022-09-30
ZBH,0.8418742965627147,0.78,BUY,2022-09-30
ABBV,0.3333492433061045,0.48,HOLD,2022-10-31
ABT,-1.123224281592361,0.1,SELL,2022-10-31
ALNY,1.6050077472998656,1.0,BUY,2022-10-31
AMGN,0.4572621388176738,0.5,HOLD,2022-10-31
ARGX,-1.1154418370037171,0.22,SELL,2022-10-31
ASND,-1.120552851151728,0.18,SELL,2022-10-31
AZN,-1.1057352469424606,0.3,SELL,2022-10-31
BBIO,1.0714038842034366,0.88,BUY,2022-10-31
BIIB,0.46257768409073347,0.52,HOLD,2022-10-31
BMY,-1.0943593075104219,0.42,HOLD,2022-10-31
BNTX,0.8407634253853254,0.76,BUY,2022-10-31
DXCM,-1.0998445817149338,0.36,HOLD,2022-10-31
EW,1.0434563352453405,0.86,BUY,2022-10-31
EXAS,-1.1153632307407013,0.24,SELL,2022-10-31
GILD,0.7117974878905494,0.72,BUY,2022-10-31
GMAB,-1.110378756087215,0.28,SELL,2022-10-31
IDXX,0.8617813819036823,0.8,BUY,2022-10-31
ILMN,-1.1222993460785482,0.12,SELL,2022-10-31
INCY,-1.0994091838053897,0.38,HOLD,2022-10-31
INSM,0.601039081411491,0.66,HOLD,2022-10-31
IONS,0.026024110859060097,0.44,HOLD,2022-10-31
IQV,0.5407617344425688,0.58,HOLD,2022-10-31
ISRG,0.9649020314198378,0.82,BUY,2022-10-31
JNJ,0.6654498874726131,0.68,HOLD,2022-10-31
LLY,1.5765821343798008,0.94,BUY,2022-10-31
MDGL,1.0405606911370349,0.84,BUY,2022-10-31
MEDP,1.5795434647347848,0.98,BUY,2022-10-31
MRK,0.0617429158824009,0.46,HOLD,2022-10-31
MRNA,-1.0993830315966306,0.4,HOLD,2022-10-31
MTD,1.5767795694102316,0.96,BUY,2022-10-31
NBIX,0.598596130739473,0.64,HOLD,2022-10-31
NTRA,0.5756282087520083,0.62,HOLD,2022-10-31
NVO,-1.125756499878064,0.08,SELL,2022-10-31
ONC,1.131359422341037,0.9,BUY,2022-10-31
PEN,-1.1155563568114062,0.2,SELL,2022-10-31
PFE,0.500931541669011,0.54,HOLD,2022-10-31
PODD,0.5738294080075202,0.6,HOLD,2022-10-31
REGN,-1.1215476431560616,0.14,SELL,2022-10-31
RMD,0.8162976048608949,0.74,BUY,2022-10-31
ROIV,-1.121517601501812,0.16,SELL,2022-10-31
RVMD,-1.103424912737407,0.34,HOLD,2022-10-31
SMMT,0.6949893330515596,0.7,BUY,2022-10-31
TAK,-1.1274513877195487,0.06,SELL,2022-10-31
TEVA,-1.1050370391828777,0.32,HOLD,2022-10-31
UTHR,-1.1405021255953633,0.02,SELL,2022-10-31
VRTX,-1.112493112983564,0.26,SELL,2022-10-31
VTRS,1.1586291016088928,0.92,BUY,2022-10-31
WAT,-1.1364247671029502,0.04,SELL,2022-10-31
WST,0.5032412668420356,0.56,HOLD,2022-10-31
ZBH,0.8414161337281909,0.78,BUY,2022-10-31
ABBV,0.33071797407205505,0.48,HOLD,2022-11-30
ABT,-1.1219437802735195,0.12,SELL,2022-11-30
ALNY,1.6039114750677304,1.0,BUY,2022-11-30
AMGN,0.4613159002226862,0.52,HOLD,2022-11-30
ARGX,-1.1140625261908597,0.22,SELL,2022-11-30
ASND,-1.1199749744176328,0.14,SELL,2022-11-30
AZN,-1.106221870735002,0.3,SELL,2022-11-30
BBIO,1.0731973743994427,0.88,BUY,2022-11-30
BIIB,0.4597311840511032,0.5,HOLD,2022-11-30
BMY,-1.095599749216597,0.42,HOLD,2022-11-30
BNTX,0.838901323491343,0.76,BUY,2022-11-30
DXCM,-1.1014217426851791,0.36,HOLD,2022-11-30
EW,1.0440042566707985,0.86,BUY,2022-11-30
EXAS,-1.1172847604074108,0.2,SELL,2022-11-30
GILD,0.7168980219364536,0.72,BUY,2022-11-30
GMAB,-1.1111473401317566,0.28,SELL,2022-11-30
IDXX,0.8632319008256389,0.8,BUY,2022-11-30
ILMN,-1.1255676513242228,0.1,SELL,2022-11-30
INCY,-1.0988352667388335,0.4,HOLD,2022-11-30
INSM,0.5993024605014481,0.66,HOLD,2022-11-30
IONS,0.026467942021396344,0.44,HOLD,2022-11-30
IQV,0.5392534867956542,0.58,HOLD,2022-11-30
ISRG,0.9648621247499369,0.82,BUY,2022-11-30
JNJ,0.6631833627132389,0.68,HOLD,2022-11-30
LLY,1.577665998908814,0.96,BUY,2022-11-30
MDGL,1.038768754902041,0.84,BUY,2022-11-30
MEDP,1.5791983184913487,0.98,BUY,2022-11-30
MRK,0.061707678903736504,0.46,HOLD,2022-11-30
MRNA,-1.1013113570719464,0.38,HOLD,2022-11-30
MTD,1.5753553782430325,0.94,BUY,2022-11-30
NBIX,0.5990785342706094,0.64,HOLD,2022-11-30
NTRA,0.5793151907828141,0.62,HOLD,2022-11-30
NVO,-1.1274381495141172,0.06,SELL,2022-11-30
ONC,1.1342517209010128,0.9,BUY,2022-11-30
PEN,-1.1138082262475917,0.24,SELL,2022-11-30
PFE,0.4973838801638956,0.54,HOLD,2022-11-30
PODD,0.5730799913801178,0.6,HOLD,2022-11-30
REGN,-1.1191277676314884,0.18,SELL,2022-11-30
RMD,0.8154159721659451,0.74,BUY,2022-11-30
ROIV,-1.119575378710407,0.16,SELL,2022-11-30
RVMD,-1.1022681465412825,0.34,HOLD,2022-11-30
SMMT,0.6966864773156253,0.7,BUY,2022-11-30
TAK,-1.1271274435880017,0.08,SELL,2022-11-30
TEVA,-1.1038064185921426,0.32,HOLD,2022-11-30
UTHR,-1.1382251985033842,0.02,SELL,2022-11-30
VRTX,-1.1135728751589435,0.26,SELL,2022-11-30
VTRS,1.1565261050733984,0.92,BUY,2022-11-30
WAT,-1.1374102100096677,0.04,SELL,2022-11-30
WST,0.5040872707233665,0.56,HOLD,2022-11-30
ZBH,0.8422307739453034,0.78,BUY,2022-11-30
ABBV,0.329808990876105,0.48,HOLD,2022-12-31
ABT,-1.1210931621098197,0.12,SELL,2022-12-31
ALNY,1.602244463055438,1.0,BUY,2022-12-31
AMGN,0.4639701165306263,0.52,HOLD,2022-12-31
ARGX,-1.113665191725714,0.24,SELL,2022-12-31
ASND,-1.119107625198952,0.14,SELL,2022-12-31
AZN,-1.1053546263551726,0.3,SELL,2022-12-31
BBIO,1.073024444057779,0.88,BUY,2022-12-31
BIIB,0.45642626869314223,0.5,HOLD,2022-12-31
BMY,-1.0972772138488824,0.42,HOLD,2022-12-31
BNTX,0.8357762167794067,0.76,BUY,2022-12-31
DXCM,-1.1037324142156233,0.32,HOLD,2022-12-31
EW,1.04293006515786,0.84,BUY,2022-12-31
EXAS,-1.1185775103066682,0.16,SELL,2022-12-31
GILD,0.7247728886238035,0.72,BUY,2022-12-31
GMAB,-1.1114887883469495,0.28,SELL,2022-12-31
IDXX,0.8630225940652821,0.8,BUY,2022-12-31
ILMN,-1.1284206195417423,0.06,SELL,2022-12-31
INCY,-1.099447927354643,0.4,HOLD,2022-12-31
INSM,0.597406130869821,0.64,HOLD,2022-12-31
IONS,0.027400181497056284,0.44,HOLD,2022-12-31
IQV,0.5378792467875118,0.58,HOLD,2022-12-31
ISRG,0.963154888246419,0.82,BUY,2022-12-31
JNJ,0.6621770306051789,0.68,HOLD,2022-12-31
LLY,1.576875949380395,0.96,BUY,2022-12-31
MDGL,1.0537550185015305,0.86,BUY,2022-12-31
MEDP,1.5776450882016129,0.98,BUY,2022-12-31
MRK,0.06179419307102376,0.46,HOLD,2022-12-31
MRNA,-1.1035841378070905,0.34,HOLD,2022-12-31
MTD,1.5721060587557045,0.94,BUY,2022-12-31
NBIX,0.5986213126908876,0.66,HOLD,2022-12-31
NTRA,0.5823966552996176,0.62,HOLD,2022-12-31
NVO,-1.1267562172600138,0.08,SELL,2022-12-31
ONC,1.1350884677510304,0.9,BUY,2022-12-31
PEN,-1.1136504464849717,0.26,SELL,2022-12-31
PFE,0.4940437644409148,0.54,HOLD,2022-12-31
PODD,0.5714288208592466,0.6,HOLD,2022-12-31
REGN,-1.1183643354812571,0.18,SELL,2022-12-31
RMD,0.8141275549438853,0.74,BUY,2022-12-31
ROIV,-1.1175411978656449,0.2,SELL,2022-12-31
RVMD,-1.1006853744143834,0.38,HOLD,2022-12-31
SMMT,0.6983124675439695,0.7,BUY,2022-12-31
TAK,-1.1261320689821135,0.1,SELL,2022-12-31
TEVA,-1.1030215065789588,0.36,HOLD,2022-12-31
UTHR,-1.1340708555053534,0.04,SELL,2022-12-31
VRTX,-1.1162714181506406,0.22,SELL,2022-12-31
VTRS,1.1551413703845326,0.92,BUY,2022-12-31
WAT,-1.1387128046449444,0.02,SELL,2022-12-31
WST,0.5041955501785759,0.56,HOLD,2022-12-31
ZBH,0.8414296443311834,0.78,BUY,2022-12-31
